,precision,recall,accuracy
3,0.7688380414160795,0.7757599653789593,0.7844089752486699
4,0.7861806827314528,0.7494750106927378,0.7890353920888272
5,0.7800784522996014,0.7664360358357173,0.7922738838769373
