,precision,recall,accuracy
3,0.7715737156931738,0.7694788145968849,0.7869535045107564
4,0.784653704893585,0.7472834014253615,0.7874161461947722
5,0.7792928075916197,0.754522649079276,0.7878787878787878
