,precision,recall,accuracy
1,0.7501572049722782,0.7408205449998615,0.7672373900971773
5,0.7501572049722782,0.7408205449998615,0.7672373900971773
15,0.7501572049722782,0.7408205449998615,0.7672373900971773
20,0.7501572049722782,0.7408205449998615,0.7672373900971773
25,0.7501572049722782,0.7408205449998615,0.7672373900971773
30,0.7501572049722782,0.7408205449998615,0.7672373900971773
