,precision,recall,accuracy
0,0.7059254282407899,0.7008595766732469,0.7265787647467037
1,0.7355285119229038,0.723660605381238,0.7527180198935924
2,0.7591957244833127,0.7389602937643077,0.7716863289382373
3,0.7647698156784744,0.7292036012130227,0.7709923664122137
4,0.7621048230470435,0.7410538192713686,0.773999537358316
5,0.7670431470543773,0.732906894851912,0.7735368956743003
6,0.7689708306366799,0.7443869443394185,0.7788572750404812
7,0.7692100531582239,0.7373122798570871,0.7763127457783946
