,precision,recall,accuracy
0,0.30920444033302497,0.5,0.6184088806660499
1,0.31637372802960223,0.5,0.6327474560592045
2,0.316836262719704,0.5,0.633672525439408
3,0.31975937066173066,0.5,0.6395187413234613
4,0.3183711244794077,0.5,0.6367422489588154
5,0.3139750115687182,0.5,0.6279500231374364
6,0.3183711244794077,0.5,0.6367422489588154
7,0.3190652475705692,0.5,0.6381304951411384
8,0.32045349375289217,0.5,0.6409069875057843
9,0.3155946321147617,0.5,0.6311892642295234
