,precision,recall,accuracy
0,0.32608695652173914,0.5,0.6521739130434783
1,0.31406105457909345,0.5,0.6281221091581869
2,0.3145235892691952,0.5,0.6290471785383904
3,0.3130495141138362,0.5,0.6260990282276724
4,0.3121240166589542,0.5,0.6242480333179083
5,0.3162887552059232,0.5,0.6325775104118464
6,0.31420638593243866,0.5,0.6284127718648773
7,0.32045349375289217,0.5,0.6409069875057843
8,0.3206848681166127,0.5,0.6413697362332254
9,0.3165201295696437,0.5,0.6330402591392874
